-- phpMyAdmin SQL Dump
-- version 4.8.5
-- https://www.phpmyadmin.net/
--
-- Host: 127.0.0.1
-- Generation Time: Jun 25, 2023 at 01:21 PM
-- Server version: 10.1.38-MariaDB
-- PHP Version: 7.3.2

SET SQL_MODE = "NO_AUTO_VALUE_ON_ZERO";
SET AUTOCOMMIT = 0;
START TRANSACTION;
SET time_zone = "+00:00";


/*!40101 SET @OLD_CHARACTER_SET_CLIENT=@@CHARACTER_SET_CLIENT */;
/*!40101 SET @OLD_CHARACTER_SET_RESULTS=@@CHARACTER_SET_RESULTS */;
/*!40101 SET @OLD_COLLATION_CONNECTION=@@COLLATION_CONNECTION */;
/*!40101 SET NAMES utf8mb4 */;

--
-- Database: `toko_online`
--

-- --------------------------------------------------------

--
-- Table structure for table `tb_barang`
--

CREATE TABLE `tb_barang` (
  `id_brg` int(11) NOT NULL,
  `nama_brg` varchar(120) NOT NULL,
  `keterangan` varchar(225) NOT NULL,
  `kategori` varchar(60) NOT NULL,
  `harga` int(11) NOT NULL,
  `stok` int(4) NOT NULL,
  `gambar` varchar(100) NOT NULL
) ENGINE=InnoDB DEFAULT CHARSET=latin1;

--
-- Dumping data for table `tb_barang`
--

INSERT INTO `tb_barang` (`id_brg`, `nama_brg`, `keterangan`, `kategori`, `harga`, `stok`, `gambar`) VALUES
(1, 'kamera ', 'kamera bagus', 'elektronik', 1010, 20, 'kamera.jpg\r\n'),
(2, 'sepatu', 'sepatu bagus', 'Pakaian Pria', 300000, 100, 'sepatu.jpg'),
(3, 'Laptop', 'Laptop rusak', 'elektronik', 100, 12, 'laptop.jpg'),
(4, 'HP', 'HP murah', 'elektronik', 1234, 23, 'hp.jpg');

-- --------------------------------------------------------

--
-- Table structure for table `tb_invoice`
--

CREATE TABLE `tb_invoice` (
  `id` int(11) NOT NULL,
  `nama` varchar(100) NOT NULL,
  `alamat` varchar(200) NOT NULL,
  `tgl_pesan` datetime NOT NULL,
  `batas_bayar` datetime NOT NULL
) ENGINE=InnoDB DEFAULT CHARSET=latin1;

--
-- Dumping data for table `tb_invoice`
--

INSERT INTO `tb_invoice` (`id`, `nama`, `alamat`, `tgl_pesan`, `batas_bayar`) VALUES
(1, 'kuya', 'kuya batok', '2023-06-25 13:45:01', '2023-06-26 13:45:01'),
(2, 'kuya', 'kuya batok', '2023-06-25 13:45:49', '2023-06-26 13:45:49'),
(3, 'yadi', 'cimahi', '2023-06-25 13:50:57', '2023-06-26 13:50:57'),
(4, 'yana', 'cimahi', '2023-06-25 15:04:00', '2023-06-26 15:05:00');

-- --------------------------------------------------------

--
-- Table structure for table `tb_pesanan`
--

CREATE TABLE `tb_pesanan` (
  `id` int(11) NOT NULL,
  `id_invoice` int(11) NOT NULL,
  `id_brg` int(11) NOT NULL,
  `nama_brg` varchar(120) NOT NULL,
  `jumlah` int(3) NOT NULL,
  `harga` int(11) NOT NULL,
  `pilihan` text NOT NULL
) ENGINE=InnoDB DEFAULT CHARSET=latin1;

--
-- Dumping data for table `tb_pesanan`
--

INSERT INTO `tb_pesanan` (`id`, `id_invoice`, `id_brg`, `nama_brg`, `jumlah`, `harga`, `pilihan`) VALUES
(1, 1, 4, 'HP', 1, 1234, ''),
(2, 1, 2, 'sepatu', 1, 300000, ''),
(3, 2, 4, 'HP', 1, 1234, ''),
(4, 2, 2, 'sepatu', 1, 300000, ''),
(5, 3, 1, 'kamera ', 1, 1010, ''),
(6, 3, 2, 'sepatu', 1, 300000, ''),
(7, 3, 8, 'kemeja', 1, 123456, '');

-- --------------------------------------------------------

--
-- Table structure for table `tb_user`
--

CREATE TABLE `tb_user` (
  `id` int(11) NOT NULL,
  `nama` varchar(50) NOT NULL,
  `username` varchar(50) NOT NULL,
  `password` varchar(50) NOT NULL,
  `role_id` int(1) NOT NULL
) ENGINE=InnoDB DEFAULT CHARSET=latin1;

--
-- Dumping data for table `tb_user`
--

INSERT INTO `tb_user` (`id`, `nama`, `username`, `password`, `role_id`) VALUES
(1, 'admin', 'admin', 'admin', 1);

--
-- Indexes for dumped tables
--

--
-- Indexes for table `tb_barang`
--
ALTER TABLE `tb_barang`
  ADD PRIMARY KEY (`id_brg`);

--
-- Indexes for table `tb_invoice`
--
ALTER TABLE `tb_invoice`
  ADD PRIMARY KEY (`id`);

--
-- Indexes for table `tb_pesanan`
--
ALTER TABLE `tb_pesanan`
  ADD PRIMARY KEY (`id`);

--
-- Indexes for table `tb_user`
--
ALTER TABLE `tb_user`
  ADD PRIMARY KEY (`id`);

--
-- AUTO_INCREMENT for dumped tables
--

--
-- AUTO_INCREMENT for table `tb_barang`
--
ALTER TABLE `tb_barang`
  MODIFY `id_brg` int(11) NOT NULL AUTO_INCREMENT, AUTO_INCREMENT=9;

--
-- AUTO_INCREMENT for table `tb_invoice`
--
ALTER TABLE `tb_invoice`
  MODIFY `id` int(11) NOT NULL AUTO_INCREMENT, AUTO_INCREMENT=5;

--
-- AUTO_INCREMENT for table `tb_pesanan`
--
ALTER TABLE `tb_pesanan`
  MODIFY `id` int(11) NOT NULL AUTO_INCREMENT, AUTO_INCREMENT=8;

--
-- AUTO_INCREMENT for table `tb_user`
--
ALTER TABLE `tb_user`
  MODIFY `id` int(11) NOT NULL AUTO_INCREMENT, AUTO_INCREMENT=2;
COMMIT;

/*!40101 SET CHARACTER_SET_CLIENT=@OLD_CHARACTER_SET_CLIENT */;
/*!40101 SET CHARACTER_SET_RESULTS=@OLD_CHARACTER_SET_RESULTS */;
/*!40101 SET COLLATION_CONNECTION=@OLD_COLLATION_CONNECTION */;
